"domanda","categoria"
"dove posso comprare una buona focaccia?",1
"cosa visitare a BARI?",4
"Dove posso trovare un centro assistenza di macchine fotografiche Nikon a Bari?",1
"dove posso riparare la mia chitarra classica?",1
"Ho un problema con il mio criceto. c'è un buon veterinario?",2
"dove posso trovare coperchio di un giradischi?",1
"Urgente centro assistenza pc Compaq a Bari?",1
"aiuto per motore marino?",1
"Vado 2 settimane in vacanza a Bari. Cosa visitare?",4
"Per due ragazze è pericoloso prendere il treno delle 23.00 dalla stazione di Bari?",3
"Pulman amtab dalla stazione di bari?",3
"dove si impara a fare ""bene"" hip hop a bari? ",1
"Insegnanti di canto a Bari?",2
"dove posso riparare la mia chitarra classica?",1
"Gioco per xbox 360 graffiato dove ripararlo?",1
"Dove posso comprare la merce?",1
"Dove posso trovare un negozio o una tipografia che sappia fare i puzzle con delle mie immagini?",1
"Dove trovare scacchiere a Bari..?",1
"nomi di negozi dove posso acquistare la rosa di jericho? ",1
"Dove posso comprare la batteria x il pc acer? Vicino bari?",1
"qualcuno mi consiglia?",3
"un hotel o masseria che conoscete nella zona di Ostuni?",1
"ci sono negozi o rivenditori di scarpe vans?",1
"cerco un negozio di bmx a roma?",1
"Cerco delle scarpe bellissime di Tommy Hilfiger?",1
"Dove trovo un negozio che venda il pellet bunny?",1
"Dove posso trovare un carrello per la mia stampante?",1
"Autobus per andare da bari centrale a modugno zona industriale?",3
"Dove posso trovare Zaino All Star a Bari?!?",1
"dove posso trovare la scheda r4 x il nintendo ds???",1
"felpe con i sette nani a bari?",1
"Aiuto cerco una borsa disney...?",1
"Devo vendere la mia xbox 360 elite a Bari. Dove me la valutano bene?",1
"Sapete dove posso comprare le scarpe MUNICH a Bari?",1
"chi vende bici ?",1
"dove posso trovare le camicie di flanella?",1
"dove posso trovare abbigliamento donna di Daniele Alessandrini a Bari?",1
"cosa mi consigliate da vedere o visitare in puglia?",4
"negozi di biciclette please?",1
"aiutatemiii .. problema pc, dove posso andare?",1
"dove posso trovare una scuola tektonik a bari?",1
"Dove posso trovare negozi emo?",1
"Zoomarine a Pasqua, e poi? cosa dobbiamo visitare?",4
"5 giorni in Puglia... Cosa visitare? ",4
"Taxi Bari: stazione - aeroporto?",2
"SCUOLE DI CANTO BARI,o luoghi dove fare karaoke nella stessa città???",1
"aiuto psp! un negozio vicino bari!!?",1
"dove posso trovare il Bracciale Tiffany?",1
"Negozi per oggetti Wicca?",1
"Chi mi sà dire dove posso comprare abbigliamento North Sails?",1
"Vivere a Bari... quale quartiere?",3
"Negozio che vende peluche a Bari?",1
"Urgente, fra 3 giorni parto e non so a chi lasciare il mio gatto?",2
"dove posso trovare i ricambi del tagliacapelli babyliss for men?",1
"Dove posso comprare il labello alla mela verde?",1
"Dove posso trovare Cicciobello bua a Bari?",1
"vorrei comprarmi una mountain bike. ci sono negozi a napoli?",1
"da chi posso farmi costruire un peluche personalizzato?",2
"punti vendita vans a  bari!?",1
"dove si comprano le lampade al plasma?",1
"Bari, mercatini natalizi e cose belle da vedere!?",4
"per caso conoscete negozi di pit bike o moto cross?",1
"dove posso trovare un corso di addestramento??",1
"dove posso trovare i copri fronte di naruto?",1
"negozio dove posso comprarmi una bici da corsa o mountain bike",1
"Dove posso trovare zaini buoni per la prima elementare?",1
"Afta recidiva :da chi posso andare?",2
"da chi posso farmi interpretare i sogni?",2
"Dove si vendono i Colbacchi da uomo in lana?",1
"dove posso andare a mangiare stasera?",1
"sono un giovane 16enne e vorrei avvicinarmi alla pesca in apnea?",3
"negozi bike trial in abruzzo?",1
"negozi in centro a bari?",1
"AIUTO PESCA IN APNEA??!! 10 PT!!?",3
"negozi di parrucche a bari?",1
"Mi consigliate dei locali particolari a Bari dove mangiare bene e spendere poco?",4
"cosa visitare in puglia in gita di 4 giorni??",4
"Visitare Napoli???????",4
"BASILICA san nicola a bari?",4
"Cosa mi consigliate di vedere in Valtellina?",4
"Dove comprare un regalo di S. Valentino a Bari?",1
"luoghi di interesse artistico nella zona di Grosseto e Castiglio della Pescaia?",4
"Ci sono dei punti vendita a BARI dove vendono ancora crash tag team racing per psp?",1
"Qualcuno sa dirmi nomi di negozi dove posso acquistare la rosa di jericho? ",1
"dove ACQUISTARE una MINIMOTO ?",1
"dove posso trovare una collana di chanel?",1
"Qualcuno mi traduce...? entrate!?",2
"Cosa ne pensate di Bari?",3
"dove posso reperire un galvanometro?",1
"mi sai consigliare un bravo ginecologo a bari o provincia di bari???",2
"locali bari,Andò disco pub?",1
"dove  posso trovare le magliette di  spongebob a bari?",2
"Pulman che partono da bari in direzione di reggio calabria?",3
"aiuto, dove posso trovare oggetti per biologi?",1
"Dove comprare conigli nani a Bari?",1
"Cosa mi consigliereste di vedere/fare in Grecia?",4
"un ristorante, sala ricevimenti per trascorrere il capodanno?",1
"quante stazioni ferroviarie ci sono a bari?",3
"Visitare la casa di Maria da Smirne (crociera)?",4
"A 13 anni si può praticare la pesca in apnea?",3
"Consigli per visitare Napoli?",4
"Ciao a tutti cercasi urgentemente felpa Trilly della Disney?",1
"Sondaggino tra i miei colleghi e amici musicisti?",1
"Pranzo Pasquetta in zona Bari-Brindisi?",1
"parcheggio stazione bari?",3
"Mi potete dare dei consigli sulla pesca in apnea?",3
"Dove posso acquistare un cane?",1
"Vorrei avere una lista di agriturismi a Bari e prov. max 15 Km?",1
"informazione riguardo alle stazioni...?",3
"dove posso noleggiare un camper?",1
"Punti vendita Stivali Ugg a Bari?",1
"Ci sono parcheggi a pagamento vicino la stazione di Bari?",3
"dove posso trovare un negozio a milano specializzato in botanica(non botanic e viridea)?",1
"Ho trovato una Nikon FE ma gli manca un pezzo...dove la posso far aggiustare???",1
"pesca in apnea????????????? :) aiutatemi?",3
"sapete dove noleggiare macchine a los angeles a basso costo?",1
"BARI: Come arrivare dalla stazione centrale alla Cattedrale di San Sabino?",3
"Dove posso comprare...??",1
"dove acquistare vestiti H&M?",1
"dove noleggiano giochi per la wii?",1
"HELPPPP dove alloggiare a Roma per una notte?",1
"qualcuno può farmi dei lavori elettrici a casa?",2
"un professionista del calcio per fare da allenatore a mio figlio.",2
"avrei bisogno di un personal trainer.",2
"Bus ANTAB Aeroporto Bari -> Stazione Bari Centrale?",3
"mi serve pigiama uomo a bari?",1
"BARI: Come arrivare dalla stazione centrale alla Cattedrale di San Sabino?",3
"come arrivare alla stazione termini da bari?",3
"bari park e train...orari stazione mungivacca?",3
"BIGLIETTO BARI-ANCONA?",3
"Help !! dove compro questi occhialii?!?",1
"Sapresti dirmi negozi che vendono attrezzature da graffiti ?",1
"Urgente! Vestito di capodanno? dove posso comprarlo?
",1
"Quanto può costarmi.....?",3
"Cosa dovrei sapere prima di una visita alla reggia di Caserta?",3
"cercasi informazioni su locali e ristoranti?",3
"Aiutatemi...Mi trovo in provincia di bari , e sto cercando un lavoro estivo per questa estate?",3
"pianta di liquirizia? dove comprarla?",1
"Consigli per una serata a CORATO...?",3
"A chi mi posso rivolgere per una valutazione archeologica?",2
"a chi posso rivolgermi?",2
"DITEMI NEGOZI CHE CI SONO A MILANO :)?",1
"chi mi potrebbe aiutare perfavore?",2
"Col foglio rosa chi mi può dar lezioni?",2
"problema del mio cane? chi può aiutarmi?",2
"Chi può tradurmi questo discorso?",2
"Pizzerie/Ristoranti carini a Bari...?",1
"dove possiamo andare domani?",4
"Pattinaggio artistico?",1
"Ci sono autobus che vanno dalla stazione di Bari Centrale al conservatorio?",3
"Qual è la via della stazione di Bari?",3
"Come posso raggiungere il porto dalla stazione di Bari centrale?",3
"Negozi di chimica....?",1
"Veterinario per animali esotici a Bari?",1
"quali negozi sportivi ci sono ?",1
"centri ecografici zona Bari ??!!?",1
"Week-end a Roma: Cosa mi consigliate di vedere?",4
"Agriturismo economico puglia?",1
"parrucchieri-tagli emo in puglia?",1
"Schermo da cambiare iphone 2g?",1
"Qual è la via della stazione di Bari?",3
"week-end in puglia....cosa mi consigliate?",4
"oggi i negozi a che ora aprono?",3
"Come si fa ad arrivare alla Stazione FS P.zza Moro di Bari, partendo da Taranto?",3
"A che ora aprono le cartolerie la mattina?",3
"Bari FerroviA pORTO?",3
"collegamento bari aeroporto - bari stazione FSE?",3
"A che ora aprono gli autolavaggi?",3
"sammichele di bari stazione?",3
"vacanza con tappe in italia, cosa vedere?",4
"foggia-bari aeroporto come arrivare?",3
"Da Bari al Salento con i mezzi pubblici?",3
"Ci sono mezzi pubblici per andare e tornare da Molfetta a Sannicandro di Bari?",3
"domanda sulla pesca subacquea, apnea?",3
"Consigli su escursioni ""fai da te"" Costa Crocere?",4
"vorrei comprare un fumetto?",1
"vorrei comprare delle figurine!?",1
"Quale mezzo pubblico devo prendere dalla provincia di napoli x arrivare a bari?",3
"Mi potreste consigliare le escursioni per questa crociera?",4
"da palese ferrovie bari nord ad aeroporto di bari palese?",3
"Muoversi con i mezzi pubblici a Bari, mi aiutate?",3
"Che mi dite di Bari..?",3
"Consigli lavori part time?",3
"caseificio vicino a Bologna?",1
"Domanda per gli appassionati di botanica?",3
"dove compro 1 tinta per capelli blu viola e/o altri colori strani?",1
"dove posso trovare queste scarpe ?",1
"Chi mi può fare la traduzione ??!!!!?",2
"sai dirmi le chiese o le cattedrali romaniche che si trovano in puglia?",1
"fare un ricorso al prefetto chi potrebbe aiutarmi?",2
"qualcuno mi vende biglietti bari-milan?",2
"qualcuno di bari che mi spiega gli amtab?? urgente!?",3
"Guida turistica a Napoli?",2
"Masseria a Bari, dove posso trovarla?",1
"A che ora apre il bowling la domenica?",3
"quali sono le tecniche migliori per immergersi in apnea?",3
"a che ora apre il lingotto fiere per il torino comics 2010 ?",3
"Guida di Roma in pdf?",2
"Pietre preziose, vendita?",1
"CONCERTI di artisti noti vari..?",4
"Guida turistica Roma...?",2
"Come si svolgono le visite guidate con la Costa? 10 punti assicurati?",4
"volevo sapere a che ora apre la feltrinelli?",3
"weekend in puglia?",4
"Come si nuota in apnea?",3
"guida turistica a Palermo.........?",2
"A che ora apre Combat Arms la mattina?",3
"arena di verona a che ora aprono i cancelli?",3
"COSE DA VEDERE A MADRID ????",4
"guida turistica?",2
"guida turistica in francese della regione campania?",2
"Guida turistica in Italia?",2
"guide turistiche città italiane?",2
"guida turistica a venezia?",2
"chi mi puo aiutare?il computer si spegne da solo...?",3
"guide turistiche?",2
"Audioguide turistiche in mp3 o per navigatori?",3
"tour guidato... help?",4
"Info vacanze a Bari !?",3
"Come faccio a spostarmi da Bergamo o Milano a Bari con i mezzi pubblici?",3
"mezzi pubblici da Bari a Bitritto?",3
"Come raggiungere Andria da Bari con i mezzi pubblici (treno o autobus)?",3
"mezzi pubblici per arrivare in piazza moro (stazione di bari) partendo dalla scuola ""marco polo""?",3
"Perchè San Nicola a Bari è venerato anche dagli ortodossi che giungono in Italia apposta?",4
"Orario messa ORTODOSSA San Nicola di Bari?",3
"Bari merita di essere visitata? cosa vedere?",4
"Migliori guide turistiche sulla Puglia?",2
"negozi dove vendono eclusivamente cose per vegetariani a torino?",1
"chi potrebbe fare da Guida turistica per una visita della città?",2
"Cosa visitare a Bari?",4
"Voglio comprarmi una buona ciclette. In quale negozio posso comprarla?",1
"Luoghi da visitare a Bari?",4
"qualche bel centro benessere pugliese?",1
"Vado 2 settimane in vacanza a Bari. Cosa visitare?",4
"negozi per vegetariani-vegani a Milano?",1
"per un caseificio dove devo andare?",1
"informazioni per la pesca in apnea...?",3
"Il mare in Puglia...consigli?",4
"Progetto percorso trekking Grecia? Urgente!?",4
"ciao, mi consigliate un buon agriturismo in prov di Bari? grazie?",1
"sale ricevimenti puglia?",1
"domanda per esperti di apnea????",3
"negozio BMX Roma!!!?",1
"NEGOZI CHE VENONO MATERIALE ROCK (T SHIRT ETC) A BARI?",1
"Dove posso trovare a Bari puzzle con immagini di artisti come Klimt?",1
"Negozi di magliette di artisti musicali, Merchandise Musicale a Bari?",1
"Dove posso trovare libri usati a Bari?",1
"negozio riparazione freno bici brugherio/monza?",1
"e....per le persone del luogo ....che faranno ?",3
"Sapete se ci sono dei buoni tatuatori a bari?",2
"consigli mountain bike per uno che sta cominciando a girare (da uomo)?",2
"opinione mountain bike????",2
"Caseificio in campania di mozzarella di bufala?",1
"Chi mi da un consiglio per vacanze in Croazia?",4
"MIGLIOR CASEIFICIO CAMPANIA IMPORTANTE GRAZIE?",1
"PUGLIA CAPAREZZA CONCERTI . (non lontano da taranto-bari)?",3
"eventi particolari?",3
"orari di apertura al pubblico della basilica San Nicola???",3
"alcune curiosità sulla basilica di san nicola di bari?",3
"spiegazione architettura e storia della basilica s.nicola e la cattedrale di s.nicola a bari?",3
"eventi particolari?",3
"chiesa romanica?????",4
"Chiese buddhiste a Bari?",4
"esistono chiese protestanti a bari?",4
"quale è l'elenco delle cattedrali Gotiche e romaniche piu famose?",4
"numero di telefono della chiesa di s. nicola a bari?",3
"info su chiesa di BARI....?",3
"informazioni su ADI (chiesa evangelica) di Bari?",3
"Vorrei sapere qualche buona pizzeria a Bari e provincia?",1
"costo del piercing sul naso?",3
"NOME DI NEGOZI O FABBRCHE che VENDE ANELLI DI DIAMANTI A VALENZA?",1
"vorrei vendere uno smeraldo di famiglia, con certificato, a chi mi devo rivolgere?",2
"un bravo barbiere/parrucchiere x uomini a bari?",2
"Consigli per iniziare la pesca in apnea... Bisogna seguire per forza un corso di apnea?",3
"Voglio sapere gli orari del pullman per bari da Casamassimaa!! Aiutatemii?",3
"Chi abita a Bari o Triggiano sa per caso gli orari dei pullman, io non riesco a trovarli?",3
"Pullman da Amantea(CS) per Bari o Brindisi?",3
"Salve.Esiste un pullman che parte da bari e arriva a Macerata?!?",3
"Pullman per mirabilandia da bari brindisi taranto o comuqnue in generale puglia?",3
"Pullman da Bari per partite allo Juventus Stadium?",3
"Dove al mare in Basilicata?",4
"Quali pullman da Bari arrivano a Manfredonia?",3
"un caseificio buono in gioia del colle?",1
"cosa ci consigliereste di visitare tra Bari, Otranto e Ostuni?",4
"mi potresti dare qualche informazione in più sul campeggio san giorgio in puglia?",3
"Abbigliamento con Slogan VEG a BARI o PALERMO?",1
"scusate potete dirmi come arrivare a miragica da bari cn un pullman o con treno?",3
"Quali sono i ristoranti e negozi di alimentari per VEGAN e VEGETARIANI a TRANI e dintorni?",1
"Chi mi sa dire gli orari di pullman o treni da Bari a Valenzano ? è urgentissimi ... rispondetemi?",3
"pullman da Bari e provincia Amici?",3
"Interprete di conferenza?",2
"dove comprare diamanti di grande valore?",1
"informazioni pullman bari-gardaland?",3
"Urgente, dove posso comprare la Pasta shirataki?",1
"dove vendono il seitan e il tofu..?",1
"Pediatri vegetariani a Brindisi e provincia?",2
"Salve, vorrei sapere orari e linee di pullman che vanno da Bari centrale a Modugno zona industriale?",3
"ESISTONO PULLMAN DA CEGLIE DEL CAMPO A BARI?",3
"ESISTE UN TRENO O PULLMAN CHE PARTE DA BARI E VA AD ""ARADEO""??? (PROVINCIA DI LECCE)?",3
"come posso arrivare da bari a lagonegro (potenza)?",3
"qualcuno sa se si stanno organizzando pullman da bari per il primo maggio?",3
"Pullman da Napoli centrale (stazione) a Bari aeroporto (Palese)?",3
"Bari-Campomarino(taranto)?",3
"Pullman Mirabilandia (o altri parchi divertimento) 2010 partenza da bari?",3
"Qualcuno sa se esistono pullman da bari per marsiglia?",3
"aiuto orari pullman BARI?",3
"quali sono i pullman per andare da taranto a bari?",3
"Esiste un pullman che parte da Bari e che arrivi a Torre Canne?",3
"qualcuno sa dirmi se esiste un pullman da bari a castellaneta paese?",3
"pullman per Mirabilandia da bari?",3
"Pullman da Bari per Foggia?",3
"mi date gli orari dei pullman da BARI-ROSSANO CALABRO grazie?",3
"Autobus/pullman da Bari a centro commerciale Bariblu?",3
"Aiuto Per Treni o Pullman Da Napoli a Bari?",3
"negozi swatch provincia di Bari?",1
"conosci un barbiere a Bari che fa tagli militari cortissimi sfumati?",2
"help!! aiutatemi non riesco a trovare un negozio di.....?",1
"centro benessere??????????",1
"un hotel carino sul mare nella zona di torre canne costa merlata?",1
"Meccanico???? Help me?",2
"Pranzo Pasquetta in zona Bari-Brindisi?",1
"consigli sulla pesca subacquea apnea?",3
"se io vado a lecce a natale dove posso mangiare senza spendere una cifra?",1
"Negozio di pesca a Martina Franca (ta)?",1
"un meccanico che mi possa aiutare davvero?",2
"dove posso trovare una corda di canapa a martina franca (TA)?",1
"mi parlate in generale dll città greca e della città romana?",3
"Ceramista qualificatissimo con più di 30 anni di esperienza??!?",2
"Dove vendono Jeckerson a Martina Franca",1
"Aiuto!! Cerco Rudere o Masseria abbandonata in provincia di Napoli!!?",1
"Agriturismo in puglia nella zona tra Fasano e Brindisi?",1
"un avvocato o un esperto che possa aiutarmi e prendersi a cuore la situazione?",2
"Negozi MArtina Franca..taranto?",1
"Qualche agriturismo zona benevento?",1
"Dove comprare mtb in Emilia?",1
"Cercasi Fabbro a Napoli?",2
"A.A.A. Cercasi fabbro esperto nel fabbricare coperchi.?",2
"Dove comprare Bike Chopper ?",1
"Vorrei passare il periodo di Natale in Puglia zona Salento in qualche Masseria?",1
"Negozi di bici a Milano...?",1
"Chi Vende Tiffany a Padova?",2
"a chi vendere diamanti grezzi?",2
"Negozio bmx specializzato a Milano?",1
"Creare un ciondolo con una pietra personale?! A chi rivolgersi?",2
"negozi di bici che accettano contrassegno?",1
"Masserie sul Gargano o zona Brindisi!?",1
"chi mi aiuta? diritto...?",2
"NEGOZI KE VENDONO BMX A ROMA?",1
"Chi mi può valutare un diamante?",2
"da chi faccio valutare i miei beni?",2
"cerco pit bike usata o nuova 125-140?",1
"Cerco casco integrale per cross bike?",1
"dove posso acquistare delle moutiny bike?",1
"cerco hotel masseria con vasca idromassaggio in camera?",1
"Un negozio di attrezzi sportivi a Verona o provincia?",1
"Che negozio fa il piercing sul naso?",1
"Negozi pit bike a milano e in provincia?",1
"dove trovo un negozio di pit bike a venezia?",1
"B&B economici ..martina franca?",1
"consiglio esperti mountain bike?",3
"Cerco un bella zona da visitare",4
"Per chi si intende di pietre preziose? Aiuto?",2
"cerco un o dei sarti a modena che possono realizzare completti giacche classico da uomo?",2
"Dove posso trovare una sarta che mi possa costruire un abito da cosplayer?",2
"cerco una sarta con partita iva ed esperienza torino!!!!!!!!!! urgente?",2
"Chi effettua le incisioni sui braccialetti ?",2
"Negozio accessori moto centro milano...?",1
"Fedi nuziali, dove comprarle a Milano e/o provincia?",1
"weekend agriturismo o masseria...?",1
"sarta a palermo?",2
"falegname per porte interne.?",2
"una sarta che può restringere e accorciare un piumino?",2
"Bel Negozio BICI a Milano????",1
"Come faccio a trovare un falegname per aggiustare il mio armadio?",2
"le biblioteche della SAPIENZA di sabato fino a che ore sono aperte?",3
"la metro a roma è aperta fino a che ora?",3
"Ragazze che rispondete se qualcuno vi dice che avete delle belle gambe?",3
"A che ora, aprono le poste?",3
"a che ora aprono i seggi elettorali il 6 giugno?",3
"Downhill / MTB: cerco un negozio a Milano!?",1
"Cercasi Falegname!!!O qualcuno che riesca a lavorare il legno!!!?",2
"devo comprare una mountain bike. dove vado?",1
"A che ore aprono le scuole guida?",3
"domanda per sarti! si può accorciare?",3
"Discoteca Piper a Roma?",4
"Cerco falegname a Roma per posa laminato (economico)?",2
"Mercato di via sannio a che ora apre?",3
"A che ora apre la piscina alle magnolie roma?",3
"a che ora apre il cinema the space delle vele a cagliari?",3
"chi può costruirmi Mobili su misura a Milano e provincia?",2
"Dove acquistare filetti intarsiati Reggio Calabria?",1
"dove posso trovare una parete attrezzata in tamburato?",1
"A che ora apre la banca intesa???",3
"Dove comprare una city bike da uomo a Parma?",1
"Negozio biciclette a Roma?",1
"A che ora apre la metro di Roma la mattina?",3
"a che ora apre di solito la metropolitana di roma?e quando chiude?",3
"Dove posso acquistare una  bella mountain bike a  Bari?",1
"gamestop Catania, a che ora apre?(mattina o pomeriggio)?",3
"Di solito,allo stadio prima di un concerto a che ora apre il botteghino?",3
"Consiglio per serramenti esterni, c'è un falegname esperto in zona Torino Sud?",2
"un ottimo falegname che sia pure economico in zona Treviso o Venezia?",2
"vorrei sapere quali sono le migliori marche per mountain bike e quali sono i negozi più forniti?",1
"sto cercando le limo bike. qualcuno conosce un negozio che le vende in Emilia Romagna?",1
"Negozio di Mountain Bike a Torino?",1
"negozi di bike trial?",1
"negozi di mountain bike?",1
"mi dite un negozio dove vendono pit bike?",1
"Negozi di pit bike vicino a Milano?",1
"Pit bike negozi convenienti?",1
"negozi on line di mountain bike?",1
"Negozi di pit bike in milano e provincia?",1
"negozio bike trial a reggio calabria?",1
"mountain bike..negozio con vasta scelta?",1
"Dove posso trovare un negozio di pit bike a torino?",1
"Mi sapete indicare qualche negozio di bike trial a Milano o nei dintorni ?",1
"informazioni bicicletta bike trial?",3
"mi consigliate negozi carini e particolari a berlino, di abbigliamento maschile ed oggettistica?",1
"Locali a bari dove fanno dolci buoni?",1
"Conoscete un ristorante a Bari.....?",1
"Dove trovo un negozio di pit bike o minimoto da cross?",1
"cosa si può fare fuori bari???????",4
"arena di verona a che ora aprono i cancelli?",3
"Panorama a Treviso: orario di apertura?",3
"A che ora aprono i tabaccai al mattino?...?",3
"A che ora apre il the space?",3
"Domani è aperta la Rinascente di Milano?",3
"A che ora aprono i cinema?",3
"Negozi a gorgonzola a che ora aprono?",3
"a che ora apre il pottermore ?",3
"a che ora aprono le biglietterie trenitalia?",3
"Quali luoghi mi consigliereste di vedere a Vienna e Praga?",4
"Itinerario per la città di Volterra?",4
"a che ora apre la Borsa di tokyo..?",3
"di solito a che ora aprono i cancelli x i concerti?",3
"Mi fate una lista di musei, e monumenti vari da vedere a Bordeaux e dintorni (Francia)?",4
"ristorante vicino bari?",1
"Ragazzi/e campani appassionati di trekking?",3
"posti da visitare a brescia ?",4
"c'è un bravo tatuatore?",2
"Luoghi di interesse/da visitare in Islanda e Reykjavik?",4
"Dove noleggiare auto per Dubai?",1
"ho bisogno di un pescatore per imparare a pescare.",2
"tour di milano urgenteeee!!!!!?",4
"escursioni nei dintorni di Madrid?",4
"Cosa fareste a Munchen?",4
"Luoghi belli da visitare nei pressi di Udine?",4
"LUOGHI INTERESSANTI VENEZIA SESTIERE CASTELLO E CANNAREGIO ?",4
"Posti da visitare durante una gita alle Cinque Terre?",4
"luoghi di interesse roma e garbatella?",4
"monumenti e luoghi di interessi vicino a Trafalgar Square?",4
"come funzionano i mezzi pubblici ad atene?",3
"siti archeologici e luoghi di interesse Sardegna?",4
"luoghi di interesse turistico?!?!?!!?",4
"Luoghi di interesse turistico nel nord italia, possibilmente emilia, liguria, piemonte o lombardia?",4
"monumenti e luoghi di interesse in cina?",4
"Luoghi di interesse a Londra tralasciando i più famosi?10 punti?",4
"Luoghi di interesse culturale in Italia?",4
"Luoghi di interesse roma e garbatella?",4
"Buenos Aires!!!! Luoghi di interesse?",4
"Quali sono i monumenti e i maggiori luoghi di interesse da visitare a Madrid in un giorno solo?",4
"Luoghi da visitare a Bangkok a Pattaya?",4
"dove posso noleggiare il quad a sharm?",1
"dove posso noleggiare delle tavole da surf da onda a djerba in tunisia????",1
"dove noleggiare limousine?",1
"Dove posso noleggiare i giochi per ps3?",1
"luoghi romatici a bari?",1
"consiglio negozio abbigliamento a Bari?",1
"discoteche bari consigli?",1
"Consiglio su una festa di compleanno a Bari?",1
"consigli locali per serate a bari?",1
"vorrei organizzare un trekking al campo base k2.qualcuno ha consigli?",4
"sapete darmi qualche informazione sulla zona di arabba (dolomiti venete)?",3
"dove si possono noleggiare biciclette a roma???",1
"Dove posso noleggiare uno smoking a Milano o in Brianza?",1
"Dove posso noleggiare un calciobalilla zona Bergamo?",1
"dove posso noleggiare uno scooter a minorca?",1
"dove posso noleggiare un gommone sul lago di garda zona Malcesine/Torbole?",1
"dove noleggiano gommoni in costa smeralda?",1
"Dove posso noleggiare una Lamborghini o una Ferrari?",1
"dove posso noleggiare una bombola di gas elio ?",1
"dove posso noleggiare un cavallo in provincia di pistoia?",1
"Posto dove si noleggia i videogiochi a cagliari ?",1
"Dove posso noleggiare una macchina economica a malta?",1
"Costumi teatrali dove li possiamo noleggiare?",1
"dove noleggiare giochi ps3 a bari?",1
"dove posso noleggiare?",1
"Esiste un locale dove posso noleggiare la barca da pesca sul lago di Bilancino?",1
"Esiste a folgarida un posto dove posso noleggiare uno zaino porta bebè.?",1
"Chi puo dirmi dove noleggiare passeggini a Milano?",1
"DOVE NOLEGGIARE UNA BICI A GALWAY O KNOCK?",1
"Dove posso noleggiare una punto abarth a roma e dintorni?",1
"noleggiare audi tt - dove?",1
"Posti dove noleggiare manga o fumetti",1
"Dove posso noleggiare una tuta ignifuga omologata?",1
"Dove noleggiare il mitico furgoncino volkswagen?",1
"Dove posso noleggiare un camper da 10 posti letto vicino a genova?grazie!?",1
"dove posso noleggiare un camper nella provincia di bari?",1
"Dove posso noleggiare o comprare un collier di perline per una recita teatrale????????",1
"Dove noleggiare i sci?",1
"Dove noleggiare quad in Piemonte?",1
"Dove posso noleggiare delle poltrone?",1
"Dove noleggiare un panda vivo?",1
"Negozio dove noleggiare attrezzatura per soft-air a brescia?",1
"dove posso noleggiare delle parrucche per capodanno?",1
"dove posso noleggiare tutto?",1
"dove noleggiare attrezzatura da soft air.?",1
"a Milano dove noleggiare vestiti per Carnevale?",1
"Dove posso noleggiare auto a GPL o a Metano?",1
"dove noleggiano motorini a bologna?",1
"Qualcuno fa endurance/trekking?",4
"Dove noleggiano film?",1
"ragazzi ma a che ora sono aperti?",3
"concerto jovanotti tour ""ora"" aiuto!?",3
"potete dirmi dove posso trovare un interprete per il php?",2
"A che ora aprono i...?",3
"riuscirò a trovare interpreti qui?",2
"A che ora aprono gli Apple Store!!?",3
"A che ora aprono le chiese?",3
"si trova una buona specialistica di interprete e traduttori?",2
"cerco interprete ",2
"cerco...insegnate di canto....?",2
"AIUTO URGENTE!!!!HO BISOGNO DI INSEGNANTI,PROFESSORI E MAESTRI!!!!!!!?",2
"Sulla tuscolana a che ora aprono i negozi?",3
"A che ora aprono le chiese?",3
"dove posso trovare le traversine per il mio cane di marca ""beautycase""?""?",1
"a che ora apre oggi pottermore ?",3
"H&M a che ora apre il sabato pomeriggio?",3
"negramaro datchforum, a che ora aprono i cancelli?",3
"A che ora apre la metro a roma di mattina?",3
"Gamestop Catania, a che ora apre?(mattina o pomeriggio)?",3
"A che ora aprono i bar la domenica mattina?",3
"cerco insegnante di rhinoceros?",2
"gardaland: fino a che ore tengono aperte le montagne russe?",3
"Sapete a che ora aprono le edicole?",3
"disney store napoli a che ora apre?",3
"dove posso trovare una scuola di jackson style a milano?",1
"atm milano mezzi pubblici a che ora aperti ?",3
"A che ora aprono..........?",3
"Cerco insegnante privato a Marano di Napoli (NA) per lezioni di algebra e fisica?",2
"A CHE ORA APRONO I PUNTI VENDITA VODAFON?",3
"A che ora apre disneyland Paris?",3
"Cerco un insegnante di pianoforte a Verona?",2
"cerco un sito per insegnare a leggere a un bimbo di 6 anni mi aiutate?",2
"A che ora aprono le biglietterie Gardaland???",3
"A che ora aprono le agenzie interinali?",3
"disney store napoli a che ora apre?",3
"A che ora apre Pottermore oggi?",3
"A che ora apre Pottermore?",3
"cosa mi consigliate di visitare...?",4
"cerco insegnante di elettronica digitale. da dove inizio con la robotica?",2
"Ragazzi un consiglio x sabato sera(BARI).....?",3
"consigli da bari e dintorni! :)?",3
"Abito a bari e vorrei un consiglio...?",3
"Consiglio Parucchieri Bari?",3
"posso trovare un interprete giudiziario italiano/polacco?",2
"Ciao il prossimo fine settimana vado a Bari, vorrei un consiglio...?",3
"posso trovare un interprete cinese-italiano? Mi reco in cina e ho bisogno di un interprete?",2
"Cerco hacker esperto che mi insegni .. Posso anche pagare il service?",2
"cerco aiuto con il mio cane?",2
"Cerco insegnante o stundessa per materia matematica!?",2
"A che ora aprono le cartolerie?",3
"A che ora aprono i tabacchini di pomeriggio?",3
"cercavo.a.roma un insegnante qualificato di kravmaga che faccia lezioni private dove trovarlo?",2
"Mi aiutate a cercare un insegnante di chitarra?",2
"a che ora  apre/chiude il duty free di Fiumicino?",3
"Cerco qualcuno che mi insegni programmare!!?",2
"Ma dopo la pausa pranzo a che ora aprono i negozi?",3
"Cerco un allenatore che mi insegni a giocare a Mw3?",2
"A che ora apre il vulcano buono il lunedì mattina??? =)?",3
"A che ora aprono i negozi sulla Tuscolana il sabato mattina?",3
"a che ora apre una farmacia notturna?",3
"cerco chi mi insegni ad operare nel forex?",2
"Un programmatore disposto a insegnare il suo sapere?",2
"A che ora apre frav a Torino il lunedì mattina?",3
"Cerco insegnante per lezioni private di Giapponese a Roma?",2
"Ci sono scuole a Napoli che insegnano il russo?",2
"a che ora apre e a che ora chiude la metro di Roma? grazie?",3
"Un insegnante....?",2
"Cerco insegnante di canto x gatti?",2
"A che ora aprono le biglietterie Trenitalia?",3
"Cerco libro per imparare il finlandese?",2
"roger waters padova: apertura cancelli a autobus stadio?",3
"Lunedì 25 agosto di mattina sono aperti i negozi a Salerno?????? ?",3
"fino a che ora sono aperti oggi i negozi a milano?",3
"il lunedi le poste italiane a che ora aprono dopo le 13:30?",3
"cercasi libro per imparare il giapponese!?",2
"Cerco un insegnante di canto!!! dove e come! please:((((?",2
"dove trovo persone che mi insegnano a fare i backflip tra le regione piemonte e lombardia??",2
"i cocoriti parlano come insegno alla mia?",2
"a che ora apre la piscina del pamaran a cicciano?",3
"domani lunedì 14 a che ora aprono i principali negozi a milano??? urgentissimo...?",3
"a che ora apre il rimini comix 2010?",3
"a che ore aprono le poste di rovereto?",3
"a che ora??",3
"aiutoooo cerco insegnante di canto!?",2
"..circa a che ora apre  una cartoleria?",3
"cercano insegnanti di religione?",2
"A Che Ora Apre Il Negozio Pinkie di Milanoo?? Helppp!!?",3
"Cerco persona che mi insegni come pulire le scritte fuori dai baloon nei manga?",2
"A che ora apre l unieuro?",3
"Cerco vero insegnate di tennis..?",2
"Cerco insegnante di chitarra classica o acustica....?",2
"Cerco insegnate di batteria a Corato (Bari)?",2
"Trekking nel deserto del Sinai?",4
"gravina-matera orario di treni?",3
"qualcuno che mi insegni il russo?",2
"A che ora aprono i fiorai il giorno di San Valentino?",3
"ahahahah cosa ci insegnano i film?",2
"cerco insegnante di skate?",2
"La domenica a Roma a che ora aprono i giornalai?",3
"BIGLIETTERIE SAN SIRO... a che ora aprono?",3
"cerco insegnate gioco s4 league?",2
"Cerco urgentemente insegnante spagnolo?",2
"Cerco insegnante di chitarra acustica per lezioni private!!?",2
"Per favore! A che ora sono aperte le guardie mediche?",3
"Cerco insegnate QuickScope Mw3?",2
"cerco insegnate di........?",2
"cerco insegnanti di canto online!!!!!!?",2
"Cerco insegnante di chitarra...?",2
"cerco un pizzaiolo che mi insegni il mstiere?",2
"insegnante lingua Coreana Roma CERCO?",2
"Massaggio bioenergetico e riflessologia plantare: cerco un insegnante?",2
"A che ora aprono le gelaterie??????",3
"Ciao, qualcuno sa a che ora é aperto di pomeriggio il consolato turco di Milano?",3
"sapete dirmi a che ora aprono le piste da sci?",3
"Cerco insegnate gioco s4 league?",2
"Cerco qualcuno che mi insegni un po il polacco...?",2
"A che ora apre il jungle splash ad etnaland?",3
"A che ora aprono le cartolerie di solito??",3
"Insegnante privato di pianoforte a matera?",2
"A CHE ORA APRONO I NEGOZI IN CENTRO?",3
"Quali negzi sono aperti stasera a Saronno?",3
"Cerco insegnante di violino?",2
"Cerco pizzaiolo/a che mi insegni il mestiere?",2
"a che ora apre il pattinaggio al lungolago?",3
"aiuto cerco corsi o insegnanti x il recupero di mate????",2
"Cerco un insegnante di canto Scream!!?",2
"a che ora aprono i benzinai?",3
"per piacere, qualcuno mi insegnerebbe il punk?",2
"negozio scarpe da trekking trentino?",1
"a che ora aprono i cancelli al forum di assago?",3
"A che ora aprono i fiorai il giorno di San Valentino?",3
"A che ora aprono gli aeroporti in genere?",3
"A che ora aprono i negozi a Pisa?",3
"qualcuno sa se domani mattina è aperto il negozio pull and bear a Milano?",3
"a che ora apre un locale?",3
"Il Concerto dei Metallica: a che ore aprono i cancelli?",3
"A che ora aprono le agenzie iterinali?",3
"I negozi, a Bari a che ora aprono il pomeriggio?",3
"A che ore aprono domani pomeriggio i negozi a Firenze e..?",3
"a che ora aprono le librerie?",3
"scusatemi, qualcuno sa a che ora aprono i negozi limoni a milano?",3
"A che ora apre la metro di Napoli? (Linea 2)?",3
"A CHE ORA APRONO LE BANCHE IL POMERIGGIO?",3
"Conoscete qualche organizzazione o qualcuno che organizzi gita o trekking a Genova e dintorni?",4
"Tour europeo citta!ditemi?",4
"sono di bari vorrei sapere come si vive nella provincia BAT?",3
"Eventi su Bari! ",3
"aiuto!!! posti da visitare?",4
"Prossimi concerti in Italia?",3
"come posso raggiungere Faeto da Bari?",3
"Concerto a san siro... un consiglio?",3
"fino a che ora un bar puo stare aperto la sera?",3
"justin bieber concerto a roma?",3
"i teen angels quando fanno un concerto a Roma?",3
"Sentieri trekking Lazio o Abruzzo?",4
"qualcuno ha la descrizione del percorso di trekking lungo la via julia augusta tra albenga e andora?",4
"Concerto a Milano, mi consigliate?",3
"concerti a roma coldplay?",3
"Concerti a Londra il 12 -13 -14 febbraio?",3
"Bruno Mars concerto a Milano! Perfavore entrate!?",3
"prossimi concerti a roma?",3
"locali, eventi e concerti a parigi (2012)?",3
"prossimo concerto a milano ???",3
"Concerti ad Amsterdam a Settembre?",3
"Radiohead concerto a Bologna?",3
"concerti a roma nel 2009?",3
"posti migliori per concerto a san siro luglio 2011?",3
"dove trovare biglietti concerto a Bologna?",3
"VASCO CONCERTI???????????",3
"concerto guccini a bassano..?",3
"Concerto gamma ray....raccontate?",3
"Concerti a milano o torino?",3
"Concerti a Miami?",3
"Per i fan di Britney: quanto costa più o meno un biglietto per il suo concerto a Las Vegas?",3
"Quanto costano i biglietti per il concerto a Roma di Avril Lavigne?",3
"Lady Gaga concerto a Seoul?",3
"babaman in concerto a varese....?",3
"Islanda info per trekking?",4
"Lou Reed in concerto a Lecce?",3
"concerti a parigi in agosto??",3
"Qual è il prossimo concerto a cui andrete?",3
"concerti a berlino?",3
"botteghino x concerti a napoli?",3
"si trovano ancora i biglietti per il concerto dei blink?",3
"qualcuno sa come posso fare a trovare dei sentieri di montagna per il trekking?",4
"Antonello venditti, quando  in prossimo concerto a Roma?",3
"Baglioni in concerto a Lecce?",3
"Concerto a san siro, consigli!!!?",3
"Luoghi per concerti a Firenze?",3
"Emis Killa concerto a Roma?",3
"concerto a carpi il 23?",3
"jonas in concerto a roma??",3
"NICKI MINAJ?? Concerto a Milano?",3
"2010 , un anno di grandi concerti . A quali siete stati?",3
"Qualcuno potrebbe indicarmi le più belle riserve naturali del portogallo per fare trekking?",4
"Concerto a Milano?",3
"ragazzi, dove posso trovare il numero di telefono di coloro ke organizzano i concerti a roma?",2
"quali sono i prossimi concerti a roma?",3
"cosiglio per concerto a rimini?",3
"Itinerari trekking... ne conoscete qualcuno sperimentato e interessante?",4
"Dove trovo biglietti di concerti a Roma?",3
"Concerto a San Siro? Consigli?!?",3
"concerto a udine, stadio friuli?",3
"ma laura pausini farà un nuovo concerto a san siro???",3
"Monte Amiata. Trekking?",4
"Aiuto!!Concerto Slash a Roma!!?",3
"The Killers in concerto a Milano?",3
"Concerti a Milano         ?",3
"concerti a san siro estate 2011?",3
"cè qualcuno che fa trekking a cavallo?endurance anche amatoriale?lavori a cavallo..?",4
"Concerto a Barcellona degli U2?",3
"CONCERTI A LONDRA IN PRIMAVERA?",3
"Mika in concerto a Milano?",3
"Cosa canta J Ax nei suoi concerti?????",3
"Cosa mi porto dietro a un concerto?",3
"wisin y yandel???concerto a roma???",3
"TOKIO HOTEL MANIA: BIGLIETTI CONCERTI A RUBA!?",3
"Concerti a Rimini o..?",3
"Prossimi concerti a Milano?",3
"LAURA PAUSINI CONCERTO A TORINO?",3
"scaletta concerto Guccini a milano?",3
"Avenged sevenfold concerto a milano?",3
"qual è stato il più bel concerto a cui siete andati?",3
"Concerti a Salerno....?",3
"Quanto costano i biglietti del concerto di violetta?",3
"Prezzo e orario treno bari-matera?",3
"un buon ristorante a bari?",1
"locali dove si può vedere la partita inter-juve a bari?",1
"negozio a bari ?",1
"pizzeria non costosa e carina a bari x festeggiare san valentino :)?",1
"ho un dubbio, per i sassi di matera, si paga per entrare?",3
"dove posso vedere bari empoli a Milano il 4 maggio?",1
"Perchè sono famosi i sassi di matera?",3
"Bari e provincia: dove posso trovare un negozio...?",1
"Locali salseri a bari?",1
"treno da matera ad altamura?",3
"Vorrei chiedervi chi è martin matero?",3
"visuale migliore arena della vittoria bari ?",3
"Come si fa a vedere la partitona di stasera?",3
"Cosa visitare a Bari?",4
"dove comprare i biglietti per vedere fiorello a bari?",1
"a coloro che praticano o cmq sanno sul TREKKING/PASSEGGIATE A CAVALLO....?",4
"Come si chiama in italiano ""colui che fa trekking""?",4
"affittare strumenti musicali a bari?",1
"Itinerari e trekking in Brianza?",4
"matera cosa vedere e dove andare?",4
"Allenamento per trekking e free-climbing?",4
"qualche bella chiesa da vedere a milano?",4
"Sentieri Monte Terminio?",4
"Monte Amiata. Trekking?",4
"Trekking con passaggio sul ponte tibetano a Claviere in val Susa?",4
"qualcuno è di Matera?",3
"domanda sui siberian husky: dog trekking e dog bike !!!?",4
"conoscente percorso trekking sul lago di como segnalato nel Venerdì di Repubblica del 13-7-12?",4
"Informazioni sul trekking nel kilimangiaro?",4
"il trekking è molto faticoso??? può essere praticato da tutti?",3
"collegamenti per matera??",3
"Domande sul trekking?",3
"matera e dintorni?",3
"perché non vedo i canali svizzeri a milano ?",3
"cosa vedere a milano?",3
"parchi belli da vedere a milano....?",4
"come si vede la partita dalla tribuna ovest superiore al san nicola di bari?",3
"visita a bari!!??? piccolo aiuto?",4
"cosa vedere a bari in un giorno?",4
"autobus bari sarajevo?",3
"cosa si può vedere in 1 giorni a milano??",4
"Posti belli a milano ?",4
"fumetterie a milano?",1
"cose da fare assolutamente a milano?",4
"posti carini da vedere in 5 giorni a milano;?",4
"Posti da vedere assolutamente a milano?",4
"è possibile vedere a milano?",4
"Cosa mi consigliate di vedere a milano?!?",4
"Posti da vedere assolutamente a milano!?",4
"cosa vedere a milano?",4
"Che cosa mi consigliate di andare a vedere a milano?",4
"cosa si puo andare a vedere a milano?",4
"cose da vedere a milano?",4
"trekking a brescia?",4
"punti vendita abbigliamento siviglia a gravina e/o matera?",1
"È possibile vedere internamente un aereo a Bari?",3
"3 giorni a Milano, cosa fare?",4
"scuola professionale nail art a milano?",1
"Chi conosce un pub milanista per vedere il derby a milano?",1
"URGENTE!!!!!negozio denny rose matera?",1
"dove comprare un plaid in pail a Bari?",1
"Ristorantino a matera romantico?",1
"cosa visitare a matera CITTà DEI SASSI?",3
"come visitare i sassi di matera",4
"tour delle caverne di matera?",4
"Informazioni sulla città di matera?",3
"specialità alimentari di policoro/matera?",3
"curiosità sui sassi di matera?",3
"per chi conosce matera...?",3
"help dialetto matera!!!?",3
"Treno per matera 10 punti?",3
"chi di voi è di matera (o dintorni)?",3
"differenze tra il pane di altamura e quello di matera.?",3
"battiti live 2008 matera?",3
"scarpe byblos a matera?",1
"Un negozio dove vendo le kawasaki scarpe a gioia o matera?",1
"chi di voi ha visitato i sassi di matera?",3
"chi è di matera?",3
"negozi munich a matera?",1
"chi è di matera??????????????",3
"itinerari a matera??",4
"qualcuno mi potrebbe descrivere la piantina di Santeramo in Colle?",3
"Tour della Transilvania in 3 giorni! Aiuto!?",4
"cosa mi consigliate di fare per pasquetta in puglia??????",3
"come fare per visitare la Basilica di S. Pietro e Castel S. Angelo?",4
"Cosa visitare in un giorno a Napoli considerando che arriverò in treno ?",4
"visita a cinecità roma?",4
"giro turistico a roma!?",4
"notte bianca a roma.?",4
"Tre giorni a Torino: consigli su dove mangiare e luoghi da visitare?",4
"castelli romani come arrivarci?",4
"Itinerario  di un giorni per Roma.....?",4
"Cosa visitare a Roma in soli tre giorni?",4
"TOUR ROMA: cosa mi consigliate come programma?",4
"Cosa fare a Roma di particolare da turista?",4
"Tour della Sicilia 15 gg ad agosto: dove andare?",4
"Qualcuno sarà nel tour viaggi di gruppo in pullman negli Stati Uniti?",4
"Viaggio a Roma?",4
"Week-end a Roma: Cosa mi consigliate di vedere?",4
"Week-end a Roma... cosa posso vedere?",4
"tour di roma aiutooo?",4
"Week end Roma?",4
"Due giorni a Roma!! Piccolo itinerario!!?",4
"come posso fare per visitare cinecittà a roma?",4
"Consiglio vacanze tour in Italia?",4
"Tour di Roma in 24h.. Heeelp?",4
"Roma da visitare in 1 giorno?",4
"Weekend-regalo di compleanno a Roma, dove andare? cosa visitare?",4
"bus roma pompei per tour giornaliero?",4
"Week a Roma Aprile 09: cosa visitare? Come spostarmi?",4
"qualche consiglio per saltare le file e vedere più cose possibili a Roma in 3 giorni?",4
"Tour di Roma...chi di voi mi fa da guida?",4
"Avendo a disposizione 5giorni, che tour mi consigliereste per visitare roma?",4
"Monumenti da visitare  Roma...?",4
"Tour di Roma a Dicembre..?",4
"Mi suggerite un itinerario a Roma?",4
"Basilica di San Pietro!!?",4
"da parigi per la basilica di saint denis e fontainebleau?",4
"Roma musei vaticani, basilica di san pietro e cappella sistina?",4
"attrazioni barcellona ?e card barcellona ?",4
"come si fa x entrare alla basilica di san pietro?",4
"VENEZIA: dove andare questo fine settimana?",4
"SITO DOVE POTER COMPRARE BIGLIETTI BASILICA DI SAN PIETRO-VATICANO?",4
"borghi medievali toscani?",4
"consiglio abitare nel centro storico di vicenza borgo berga?",3
"è possibile fare i pendolari da Piacenza( centro storico) a Parma (zona borgo carissimi) in treno?",3
"mi sapete consigliare qualche borgo molto carino nella campagna toscana?",4
"siete mai venuti a gravina in puglia (ba) ?",3
"Cerco Centro SPA / beauty farm : Puglia o Basilicata!!!?",1
"Vacanze in Puglia con bimba di 4 anni, in villaggio, che mi consigliate?",3
"Conoscete il campeggio Sunbay (Taranto) in Puglia?",3
"Si possono visitare i Giardini Vaticani senza tour guidato obbligatorio?",4
"TOUR ROMA MILANO mi date un Aiuto?",4
"Tour di Roma in 4 giorni?",4
"Tour di Roma in 1 giorno!!!?",4
"Visitare Roma e musei?",4
"Cosa visitare a Roma in un pomeriggio con due bambini piccoli?",4
"Mi potreste dire cosa visitare principalmente a Roma?",4
"Roma in 1 giorno: come spostarsi?",3
"Informazioni su Ostia: mare, spiaggia e diverimenti!?",3
"Roma romantica...posti più belli.?",3
"Aiuto per un Tour nel lazio?",4
"Egitto, visite archeologiche da Sharm??",4
"perchè i trulli esistono solo in puglia?",3
"ciao ragazzi mi potreste aiutare con delle infomazioni sopratutto per chi vive a roma?",3
"Bed and Breakfast a Villa Adriana(Roma)?",1
"ACCABADORA aiuto! chi lo ha letto?",3
"parco archeologico, vi prego è urgente?",4
"Quali beni culturali e ambientali si possono visitare gratis in Campania? ?",4
"Ma gli indipendentisti in Sardegna ci sono o ci fanno?",3
"Mi date consigli sui posti dove poter fare un week end in agosto?",4
"quali musei o luoghi di interesse posso visitare a Napoli?",4
"Abitanti di Matera e/o dintorni?",3
"Alcune domande su legislazione dei beni culturali e ambientali chi mi aiuta?",3
"Chi è mai stato a Matera? Potete descrivermela?",3
"Visita turistica in zona Palermo?",4
"Qual è la stazione più vicina a matera??? Basicata....?",3
"Visite guidate acquario genova?",4
"negozi a matera di boxe?",1
"Santuario Madonna della Civita?",4
"chi è che conosce stigliano in provincia di matera?",3
"come si arriva a matera?? da milano?",3
"chi mi sa dire quanti negozi di cornici ci sono a matera? sono efficienti?",3
"quando iniziano le scuole superiori a matera???",3
"Suggerimenti meta turistica?",4
"Festa di San Gennaro a Napoli!?!!?",4
"Quali sono i siti storici migliore da vedere in Sardegna del nord?",4
"conservatorio matera?",3
"Ciao qualcuno di voi sa dirmi quando ci sarà la benedizione delle penne al Santuario di S.Gabriele?",3
"chi ha mai visto i sassi di matera?",3
"definizione sassi di matera e trulli. urgente grazie! :)?",3
"Cerco disperatamente insegnante privato di pianoforte a matera?",2
"Situazione storica -1850 IN SICILIA?",4
"paesi caratteristici e storici nel milanese?",4
"quale scuola di danza esegue corsi di ginnastica artistica a matera?",1
"dove posso fare i rasta a matera?",1
"Borghi e paesini..?",4
"informazioni sul borgo di Milazzo?(sicilia)?",4
"Quali sono i luoghi più caratteristici che rendono belle le Marche?",4
"Cosa visitare a Borgo San Dalmazzo?",4
"Città italiane belle da visitare?",4
"Mare toscano, turismo a dicembre. dove?",4
"mare ligure, turismo a dicembre. dove?",4
"vacanze Gallipoli...borgo nuovo o centro storico ?",4
"scoprire le origini di una vecchissima casa di un borgo di montagna-catasto storico?",4
"come si arriva a matera in treno?",3
"lista dei borghi di firenze?",4
"aiuto persone di matera !!!!!!! 10 pnt?",3
"Posti belli puglia gargano e non!!!!?",4
"vorrei fare un viaggio in Puglia ma non so dove?",4
"sassi di matera suggerimenti?",3
"Si può fare il bagno a maggio in Puglia?",4
"Chi conosce matera? Ci siete mai stati?",3
"Cosa vedere in puglia?",4
"A settembre partiremo per un Puglia Tour in camper; avete dei consigli sulle località da visitare? ",4
"Vacanze in puglia......?",4
"cosa visitare nei dintorni di barletta?",4
"quanto dista matera da bolzano?",3
"sapete se ci sono treni per partire da matera?",3
"qlcuno conosce un bel posto in puglia cilento e zone limitrofe?",4
"sassi di matera chi mi indica?",3
"Monumenti medievale in puglia, chi mi da qualche idea?",4
"informazioni castello di Lucera?",4
"cosa mi consigliate da vedere o visitare in puglia?",4
"Cosa vedere in puglia?",4
"scarpe fornarina a matera!??",1
"ristoranti buoni a matera?",1
"in quali altri paesi, come in Italia, si parlano così tanti dialetti che sono vere e proprie lingue?",3
"Benche essendo tutti Italiani, abbiamo tutti un dialetto....???",3
"La regione Puglia, così come la Sicilia, in passato è stata conquistata e dominata dai normanni?",3
"mi aiutate??? Ricerca su Vieste (puglia) ?",3
"i dialetti italiani sono destinati ad estinguersi???????",3
"Dove dormire in Valle d’Itria?",3
"puglia vacanze?",4
"Puglia ...ki mi consiglia????",4
"Vacanze in Puglia: consigli?",4
"puglia vacanze!!! =) entrateee!!?",4
"SOLUZIONE IN PUGLIA A FINE AGOSTO. Bel mare e con possibilità di spostarsi.?",4
"Chi mi consiglia un Itinerario per la Puglia?",4
"Quanto dista la località Correggio dalla zona Trulli?",3
"paese più adatto per vacanza in puglia con dei bambini piccoli?",4
"la puglia..terra da scoprire..consigli?",4
"Posti belli della Puglia?",4
"Chi di voi conosce bene la Puglia?",3
"devo fare un viaggio in puglia?",4
"I posti più belli della Puglia?",4
"puglia: gargano o salento?",4
"Quali città o zone della puglia conoscete?",3
"Avete un villaggio da consigliarmi in Puglia..?",4
"possibile percorso fra i castelli federiciani?",4
"estate in puglia: consigli?",4
"vacanze in puglia?",4
"vgfacanze in puglia?",4
"AIUTO!!! una meta storico-artistica di carattere romano in puglia?",4
"Siete mai stati in Puglia?",4
"domani sarò ad alberobello...cosa mi consigliate di visitare?",3
"salve,vorrei fare il capodanno in puglia,dove mi consigliate di andare?",4
"Puglia zona manfredonia?",4
"Mi trovate delle mappe sui castelli di federico II di Svevia...in Puglia?",4
"luoghi per rilassarsi come ad esempio giardini zen?",3
"i castelli + belli d italia?",4
"Insegnante privato di pianoforte a matera?",2
"Posti da visitare in puglia...?",4
"castelli, monumenti epoca medievale?",4
"cenare in un castello pugliese?",1
"dove posso comprare finger bmx a matera?",1
"c'è qualcuno della provincia di matera?",3
"come si dice nel vostro dialetto ""domani andiamo a roma""?",3
"i vostri dialetti?",3
"Come si dice ""Bentornati"" in dialetto salentino?",3
"Dialetto salentino-Brindisi. Aiuto?",3
"ragazzi della puglia mi dite la differenza tra il dialetto di barletta e quello di bari?",3
"storia del dialetto in provincia di taranto?",3
"Differenza nel parlare in dialetto?",3
"Da dove nascono i dialetti?",3
"perché in puglia ci sono mille dialetti?",3
"qual è il dialetto più bello della Puglia?",3
"raga dialetto pugliese...!help?",3
"qualcuno che conosce bene la puglia???",3
"Mi dite una città bella della Puglia da visitare in un giorno in questo periodo?",4
"Ai ragazzi e ragazze di martina franca?",3
"Qualcuno è mai stato a Martina Franca?",3
"Posti belli puglia gargano e non!!!!?",4
"Consigli per una vacanza?",4
"Cerco Centro SPA / beauty farm : Puglia o Basilicata!!!?",4
"Monumenti medievale in puglia, chi mi da qualche idea?",4
"Per chi conosce il paese Martina Franca (Taranto)?",3
"paese più adatto per vacanza in puglia con dei bambini piccoli?",4
"SOLUZIONE IN PUGLIA A FINE AGOSTO. Bel mare e con possibilità di spostarsi.?",4
"5 giorni in Puglia... Cosa visitare? 10 punti al migliore?",4
"A settembre partiremo per un Puglia Tour in camper; avete dei consigli sulle località da visitare? ",4
"cosa mi consigliate da vedere o visitare in puglia?",4
"AIUTO!!! una meta storico-artistica di carattere romano in puglia?",4
"puglia vacanze?",4
"Vacanze in puglia......?",4
"Gita in barca lungo la Puglia, da S Maria di Leuca fino alle tremiti : cosa vedere?",4
"Com è Gravina di Puglia?",4
"puglia: gargano o salento?",4
"I posti più belli della Puglia?",4
"Tour in Puglia con gruppo in autobus?",4
"Avete un villaggio da consigliarmi in Puglia..?",4
"Posti belli della Puglia?",4
"Organizzare un viaggio per la Puglia?",4
"viaggio toscana-puglia?",4
"devo fare un viaggio in puglia?",4
"vacanza in puglia,luoghi da visitare?",4
"karaoke il venerdì a Martina Franca?",3
"cosa ne pensate della Puglia??entrate?",4
"Gli abitanti di martina franca dove vanno al mare?",3
"Per gli abitanti di Martina Franca: ?",3
"Pullman martina franca-gioia del colle!urgenteeeee?",3
"Per chi conosce il paese Martina Franca (Taranto)?",3
"Chi sa dirmi le chiese o le cattedrali romaniche che si trovano in puglia?",4
"quali sn le cattedrali romaniche in italia?",4
"Quali chiese/cattedrali scegliere?",4
"cosa visitare in puglia in gita di 4 giorni??",4
"estate in puglia: consigli?",4
"Posti da visitare in puglia...?",4
"tour della puglia ??",4
"Esiste una scuola di doppiaggio a taranto?",1
"Come si dice nel vostro dialetto ""qua"" e ""là""?",3
"mi scrivete frase del vostro dialetto?",3
"Ragazzi nel vostro dialetto come si dicono queste frasi?",3
"Come si dice nel vostro dialetto ""ANDATO""?",3
"come è la puglia????????????",3
"Mi sapete dire cosa significa AFAFEGNETO?",3
"questione sui dialetti.....................?",3
"Afragola villa comunale?",4
"urgente cerco bus bari - martina franca?",3
"Villa comunale In via colli aminei a Napoli?????",4
"In che via di Qualiano, a Napoli, si trova la villa comunale?",4
"notizie su chieti è urgente risp?",4
"chi di voi è mai stato a martina franca?",3
"Scuola a Martina Franca (Ta)...",3
"Villa comunale Casoria?",4
"dove si trova la villa comunale a napoli?",4
"qualcuno conosce Martina Franca?",3
"qualcuno sa dove si trova la villa comunale di pianura (o parco dei pompieri), perfavore?",4
"Chi di voi è di Martina Franca?",3
"Quanto costa sposarsi alla villa comunale di Frosinone?",3
"Giudizio sulla Villa Comunale di Vietri sul Mare...?",3
"come arrivare alla villa comunale di san severino in autobus?",3
"domanda per chi è di napoli, la villa comunale domani pomeriggio è chiusa?",3
"qualcuno sa dove posso trovare una sbarra per trazioni in un luogo pubblico  a napoli?",3
"a che ora chiude VILLA TORLONIA ?",3
"Posso stare con una tenda da campeggio nella villa comunale a napoli?",3
"Chi mi sa dire quanti metri dista la Fontana del Gigante fino alla Villa Comunale...?",3
"solo per gli utenti di martina franca e dintorni....?",3
"Dove passare il Capodanno tra Martina Franca e Cisternino?",3
"cosa ne pensate di martina franca?",3
"informazioni su martina franca e taranto?",3
"Dove andare a Martina Franca?",3
"cosa ne pensate di martina franca?",3
"ciao a tutti,mi sapete dire quali paesi bisogna attraversare da martina franca a bari?",3
"Martina Franca è prima o dopo Palo?",3
"orari treni martina franca - lecce?",3
"come si vive a Martina franca ?",3
"Chi di voi è pugliese? Ed in particolare quanti di voi?",3
"Bistecche di capocollo..?",3
"come si stagiona un capocollo o coppa?",3
"ammorbidire un capocollo?",3
"Qualcuno sa dirmi in quali ville storiche di Napoli sono presenti anche delle fontane????",3
"quali sono i negozi ke vendono borse etro a martina franca e a bari?",1
"5 giorni in Puglia... Cosa visitare?",4
"cosa vedere in puglia?",4
"Per chi è stato o abita in Puglia?",3
"ricerca basiliche romaniche.  ",4
"domanda su Ostuni (puglia) !!?",3
"Per chi è stato o abita in Puglia?",3
"Si può fare il bagno a maggio in Puglia?",3
"mi consigli dei residence in Puglia?",1
"scuole di danza a martina franca?",1
"quale sono i diversi tipi di dialetti in Italia?",3
"Mi dite questa frase nel vostro dialetto?",3
"Ma il salentino a quale dialetto è più vicino?",3
"ragazzi nella vostra famiglia si parla ancora il dialetto e quale?",3
"SALENTINI CHE PARLANO IL DIALETTO?",3
"estate in puglia: consigli?",3
"Si sente da dove provenite o non avete incrinazioni vocali dovute al dialetto?",3
"esclamazioni nei vari dialetti e slang?",3
"Come è la puglia  ????????????????????????",3
"chi è il dialetto piu cozzo??",3
"Qualche canzone che parla della puglia?",3
"cosa ne pensate della puglia?",3
"Qual è il dialetto più bello e quale quello più brutto?",3
"Perchè in Puglia molti comuni e paesini finiscono con il suffisso ""ano""?",3
"Parlate e dialetti di tutta Italia...?",3
"Come si dice nel dialetto pugliese?",3
"il dialetto pugliese,è da considerarsi una variante del dialetto napoletano?",3
"Dialetto in Piemonte?",3
"Dialetto bergamasco? Aiutatemi!?",3
"che dialetto è la parola cozza riferita ad una ragazza poco carina?di che regione è?",3
"cosa ne pensate della puglia?",3
"Il dialetto abruzzese e quello napoletano - sono simili?",3
"S.O.S. dialetto popolare. Voi lo parlate?",3
"dialetti???",3
"Dialetti italiani?",3
"ragazzi vi e mai capitato di sentire nella vostra citta giovani che parlano in dialetto?",3
"Ti piace parlare il dialetto del tuo posto....che dialetto parli?",3
"Rap in dialetto { pareri, critiche,considerazioni }?",3
"come si dice nel vostro dialetto?",3
"Conoscete delle espressioni nei dialetti della Puglia?",3
"OPINIONI PER DIALETTI?",3
"Quanti dialetti ci sono in Italia?",3
"Quanti dialetti ci sono nella Puglia?",3
"come si dice sardo in dialetto pugliese??",3
"In Puglia cosa visitereste? Quale dialetto pugliese vi piace di più?",4
"Regolamenti Pro-loco ed associazioni turistiche?",3
"devo tagliare i capelli c'è un parrucchiere da uomo?",2
"qualcuno mi consiglia un b&b a Bari?",3
"ma il dialetto di polignano a mare è simile a quello di canosa di puglia?",3
"Suggerimenti per attività Pro Loco?",4
"libro sulle tecniche di giardinaggio?",3
"ho bisogno di un consiglio!!?",3
"Consigli per una prima reflex!?",3
"Qualcuno mi consiglia cosa fare?",3
"fumetterie a bari...?",1
"viaggio a BARI??? qualcuno mi può dire?",4
"consiglio su una mountain bike???????????",3
"Informazioni manutenzione mountain bike?",3
"Ciao qualcuno può aiutarmi magari...?",3
"Consiglio Mountain bike?",3
"Spin Bike Consiglio?!?",3
"domanda sulle bici!! Chi può rispondermi?",3
"insegnanti di danza ho bisogno di un consiglio?",3
"Come mi devo comportare? Ho bisogno di un consiglio estraneo.?",3
"quali sono tutti i tipi di salumi?",3
"prodotti tipici pugliesi?",3
"Mi serve un consiglio.... se siete napoletani ancora meglio??",3
"dove trovare una ginecologa brava?",2
"Sapete dove posso trovare un ginecologo?",2
"è possibile parlare con un ginecologo?",2
"Dove posso trovare un ginecologa?",2
"posso parlare con un ginecologo??",2
"dove posso trovare una ginecologa donna in provincia di caserta?",2
"vorrei fare una visita dal ginecologo...ce ne sono?",2
"Dog sitter, baby sitter? Provincia di Genova?",2
"Dog Sitter Roma!!!!!?",2
"come trovare un dog sitter affidabile?",2
"Come fare a trovare un dog sitter?",2
"Qualcuno di voi conosce qualche dog sitter?",2
"c'è un Dog sitter bravo?",2
"ciao a tutti cerco baby sitter o dog sitter a napoli centro o dintorni!?",2
"Cerco babysitter, dog sitter a BOLOGNA!?",2
"come posso trovare un  dog-sitter?",2
"Cerco Dog Sitter?",2
"mi potete aiutare dove trovare un dog sitter???? ",2
